generator	call_status	mix_rate	frames	peak_abs	clipped_samples	dc_offset	loop_mode	seam_delta	status
create_anchor_sound	CALLED	44100	17640	0.472229	0	-0.000456	0	0.002441	PASS
create_unanchor_sound	CALLED	44100	12348	0.542847	0	-0.000062	0	0.000000	PASS
create_correction_pulse_sound	CALLED	44100	24255	0.592926	0	0.001714	0	0.022064	PASS
create_resist_sound	CALLED	44100	18522	0.563751	0	-0.000029	0	0.000916	PASS
create_goal_sound	CALLED	44100	26460	0.590149	0	0.000001	0	0.002686	PASS
create_footstep_linoleum_sound	CALLED	44100	3087	0.231415	0	0.000662	0	0.000092	PASS
create_footstep_metal_sound	CALLED	44100	3969	0.397247	0	0.000125	0	0.001617	PASS
create_land_sound	CALLED	44100	6174	0.352081	0	0.001470	0	0.010315	PASS
create_airlock_seal_sound	CALLED	44100	37485	0.578552	0	0.000054	0	0.000000	PASS
create_memory_resonance_sound	CALLED	44100	28665	0.641876	0	0.000107	0	0.019623	PASS
create_switch_toggle_sound	CALLED	44100	3528	0.377533	0	0.000720	0	0.000092	PASS
create_vacuum_hum_sound	CALLED	44100	22050	0.487000	0	0.004008	0	0.036377	PASS
create_correlation_hum_sound	CALLED	44100	26460	0.518097	0	0.000097	0	0.036560	PASS
create_printer_strip_sound	CALLED	44100	19845	0.259705	0	0.000383	0	0.000488	PASS
create_needle_spike_sound	CALLED	44100	5292	0.471466	0	0.000077	0	0.000336	PASS
create_phone_ring_pulse_sound	CALLED	44100	15434	0.635345	0	-0.000149	0	0.011719	PASS
create_card_reader_beep_sound	CALLED	44100	11466	0.571716	0	0.000030	0	0.000153	PASS
create_fluorescent_hum_sound	CALLED	44100	26460	0.484863	0	0.001934	0	0.035034	PASS
create_camera_click_sound	CALLED	44100	7938	0.602448	0	-0.012712	0	0.000031	PASS
create_turnstile_unlatch_sound	CALLED	44100	9702	0.663391	0	-0.016027	0	0.005798	PASS
create_dialogue_blip_sound	CALLED	44100	2205	0.404785	0	-0.000070	0	0.002228	PASS
create_crosswalk_signal_sound	CALLED	44100	17640	0.440979	0	-0.000064	0	0.000000	PASS
create_rain_asphalt_sound	CALLED	44100	39690	0.474670	0	0.000521	0	0.224182	PASS
create_tram_traction_sound	CALLED	44100	35280	0.625092	0	0.000057	0	0.084106	PASS
create_bus_engine_sound	CALLED	44100	44100	0.566803	0	0.015091	0	0.068451	PASS
create_bus_rain_window_sound	CALLED	44100	37485	0.330994	0	0.000272	0	0.133087	PASS
create_bus_announcement_sound	CALLED	44100	30869	0.476715	0	-0.000010	0	0.027313	PASS
create_bus_door_pneumatic_sound	CALLED	44100	22050	0.442078	0	0.000328	0	0.001740	PASS
create_ring_chime_sound	CALLED	44100	26460	0.579803	0	0.000002	0	0.004333	PASS
create_stair_footstep_sound	CALLED	44100	7938	0.598602	0	0.001207	0	0.006317	PASS
create_apartment_door_sound	CALLED	44100	33075	0.394623	0	0.002241	0	0.007263	PASS
create_dialogue_marta_blip_sound	CALLED	44100	3307	0.498871	0	-0.000000	0	0.000061	PASS
create_stair_timer_switch_sound	CALLED	44100	5292	0.650452	0	0.005963	0	0.001465	PASS
create_parquet_footstep_sound	CALLED	44100	7056	0.509705	0	0.000574	0	0.000977	PASS
create_drawer_lock_unlatch_sound	CALLED	44100	17640	0.457184	0	-0.000016	0	0.000000	PASS
create_paper_rustle_sound	CALLED	44100	19845	0.355042	0	0.000000	0	0.000000	PASS
create_kettle_boil_sound	CALLED	44100	22050	0.516357	0	0.001183	0	0.012604	PASS
create_kettle_whistle_sound	CALLED	44100	28665	0.512939	0	-0.000045	0	0.119781	PASS
create_tile_footstep_sound	CALLED	44100	7938	0.745819	0	-0.002686	0	0.003113	PASS
create_water_pipe_hiss_sound	CALLED	44100	22050	0.545258	0	0.000086	0	0.039246	PASS
create_glass_scratch_sound	CALLED	44100	16758	0.468079	0	-0.000002	0	0.000000	PASS
create_mirror_shimmer_sound	CALLED	44100	26460	0.535950	0	0.000001	0	0.000000	PASS
create_bakelite_bell_sound	CALLED	44100	19845	0.691620	0	-0.000023	0	0.001801	PASS
create_handset_pickup_sound	CALLED	44100	7056	0.730774	0	0.001296	0	0.001709	PASS
create_tape_motor_hum_sound	CALLED	44100	22050	0.555420	0	0.000023	0	0.043274	PASS
create_dialogue_jakub_blip_sound	CALLED	44100	3528	0.558197	0	0.000199	0	0.000061	PASS
create_morning_ambience_sound	CALLED	44100	44100	0.477509	0	0.000000	0	0.002960	PASS
create_ucp_stabilizer_beam_sound	CALLED	44100	28665	0.424377	0	-0.000000	0	0.000000	PASS
create_masonry_smooth_sound	CALLED	44100	24255	0.270386	0	-0.000619	0	0.000000	PASS
create_dialogue_elderly_woman_sound	CALLED	44100	3307	0.498871	0	-0.000062	0	0.000366	PASS
create_subway_hum_sound	CALLED	44100	52920	0.581085	0	0.000074	0	0.000000	PASS
create_neon_flicker_sound	CALLED	44100	30869	0.539154	0	0.000100	0	0.086945	PASS
create_terminal_keypress_sound	CALLED	44100	3969	0.680511	0	0.002042	0	0.008911	PASS
create_pa_chime_sound	CALLED	44100	37485	0.466644	0	0.000069	0	0.004944	PASS
create_drafting_lamp_hum_sound	CALLED	44100	39690	0.580902	0	0.000001	0	0.000000	PASS
create_photo_slide_sound	CALLED	44100	14112	0.561523	0	-0.000017	0	0.002716	PASS
create_shadow_whisper_sound	CALLED	44100	61739	0.593872	0	-0.000472	0	0.000092	PASS
create_relay_alignment_click_sound	CALLED	44100	8820	0.690796	0	0.000757	0	0.000153	PASS
create_metal_scratch_chime_sound	CALLED	44100	21168	0.529816	0	-0.000026	0	0.002625	PASS
create_tape_degradation_filter_sound	CALLED	44100	79380	0.585480	0	-0.001278	0	0.000000	PASS
create_seam_clamp_sound	CALLED	44100	15876	0.623077	0	0.000023	0	0.000275	PASS
create_conduit_shaft_wind_sound	CALLED	44100	70560	0.676239	0	0.000654	0	0.000641	PASS
create_catwalk_footstep_sound	CALLED	44100	9702	0.611542	0	0.000082	0	0.000977	PASS
create_water_drip_puddle_sound	CALLED	44100	14112	0.606018	0	-0.000016	0	0.000153	PASS
create_pressure_valve_release_sound	CALLED	44100	55125	0.651917	0	0.000037	0	0.004608	PASS
create_resonance_pulse_sound	CALLED	44100	66150	0.690979	0	0.000088	0	0.000031	PASS
create_ceramic_cup_clink_sound	CALLED	44100	16758	0.410767	0	-0.000135	0	0.000366	PASS
create_tea_pour_steam_sound	CALLED	44100	50714	0.589783	0	0.001753	0	0.000153	PASS
create_kitchen_clock_tick_sound	CALLED	44100	10584	0.626617	0	0.001455	0	0.000183	PASS
create_dossier_paper_turn_sound	CALLED	44100	21168	0.197693	0	0.000035	0	0.003113	PASS
create_dispenser_ticket_sound	CALLED	44100	18522	0.681488	0	-0.000009	0	0.000000	PASS
create_clinic_intercom_chime_sound	CALLED	44100	48510	0.512268	0	0.000028	0	0.010345	PASS
create_pneumatic_tube_whoosh_sound	CALLED	44100	59535	0.741577	0	0.000141	0	0.000000	PASS
create_wierzbicka_printer_sound	CALLED	44100	52920	0.394379	0	-0.000279	0	0.000549	PASS
create_sensory_galvanometer_tick_sound	CALLED	44100	7938	0.653198	0	0.000586	0	0.000000	PASS
create_substructure_strain_groan_sound	CALLED	44100	79380	0.578583	0	-0.000000	0	0.000000	PASS
create_map_node_pulse_sound	CALLED	44100	24255	0.282715	0	-0.000001	0	0.000366	PASS
create_wierzbicka_stamp_sound	CALLED	44100	15434	0.696136	0	0.001243	0	0.000000	PASS
create_model_table_resonance_sound	CALLED	44100	37485	0.534088	0	-0.000268	0	0.001495	PASS
create_paper_map_rustle_sound	CALLED	44100	19845	0.408325	0	0.000000	0	0.000000	PASS
create_ledger_page_turn_sound	CALLED	44100	22050	0.416565	0	0.000016	0	0.001221	PASS
create_model_room_door_release_sound	CALLED	44100	26460	0.402771	0	-0.000013	0	0.000000	PASS
create_crayon_drawing_rustle_sound	CALLED	44100	19845	0.631256	0	-0.000013	0	0.000000	PASS
create_well_water_drip_sound	CALLED	44100	33075	0.548981	0	0.000109	0	0.000366	PASS
create_szymon_dialogue_blip_sound	CALLED	44100	3969	0.521301	0	-0.000003	0	0.000122	PASS
create_door_creak_shift_sound	CALLED	44100	28665	0.688812	0	0.001920	0	0.000000	PASS
create_anesthetic_hum_sound	CALLED	44100	52920	0.484528	0	-0.000000	0	0.000000	PASS
create_sedation_monitor_blip_sound	CALLED	44100	9702	0.274048	0	0.000003	0	0.000153	PASS
create_erased_name_glitch_sound	CALLED	44100	21168	0.685028	0	-0.000603	0	0.000031	PASS
create_station21_airlock_sound	CALLED	44100	28665	0.497375	0	0.000065	0	0.000000	PASS
create_biometric_gate_scan_sound	CALLED	44100	33075	0.659393	0	-0.000031	0	0.000031	PASS
create_ring_resonance_hum_sound	CALLED	44100	41895	0.527100	0	-0.000000	0	0.000000	PASS
create_paint_memory_recall_sound	CALLED	44100	55125	0.666199	0	-0.000007	0	0.000000	PASS
create_biographical_erasure_glitch_sound	CALLED	44100	37485	0.598511	0	0.000392	0	0.000061	PASS
create_station22_door_release_sound	CALLED	44100	30869	0.389923	0	0.000042	0	0.000000	PASS
create_designer_terminal_hum_sound	CALLED	44100	48510	0.631683	0	-0.000001	0	0.000000	PASS
create_cursor_shift_glitch_sound	CALLED	44100	10584	0.519592	0	0.000007	0	0.000031	PASS
create_burden_ledger_scan_sound	CALLED	44100	28665	0.480438	0	-0.000009	0	0.000000	PASS
create_designer_note_chime_sound	CALLED	44100	39690	0.447845	0	-0.000003	0	0.002411	PASS
create_station23_exit_unlatch_sound	CALLED	44100	33075	0.416748	0	0.000033	0	0.000000	PASS
create_cctv_static_hum_sound	CALLED	44100	52920	0.605713	0	-0.000001	0	0.000000	PASS
create_correction_stress_siren_sound	CALLED	44100	48510	0.629639	0	0.000029	0	0.000000	PASS
create_intercom_wierzbicka_tone_sound	CALLED	44100	19845	0.501434	0	-0.000005	0	0.000885	PASS
create_decision_button_latch_sound	CALLED	44100	13230	0.569305	0	0.001986	0	0.000000	PASS
create_station24_door_release_sound	CALLED	44100	33075	0.413086	0	0.000023	0	0.000000	PASS
create_transit_rail_hum_sound	CALLED	44100	55125	0.624908	0	-0.000001	0	0.000000	PASS
create_jakub_uniform_rustle_sound	CALLED	44100	22050	0.389038	0	0.000000	0	0.000000	PASS
create_scar_revelation_chime_sound	CALLED	44100	52920	0.608917	0	-0.000004	0	0.018860	PASS
create_finger_edge_scrape_sound	CALLED	44100	15434	0.310913	0	0.000000	0	0.000397	PASS
create_station25_door_release_sound	CALLED	44100	30869	0.429779	0	0.000039	0	0.000000	PASS
create_isolation_hum_sound	CALLED	44100	57330	0.541565	0	-0.000002	0	0.000000	PASS
create_reconfiguration_chime_sound	CALLED	44100	37485	0.537018	0	-0.000009	0	0.001068	PASS
create_wierzbicka_calming_tone_sound	CALLED	44100	26460	0.583344	0	-0.000000	0	0.000000	PASS
create_motivation_scratch_sound	CALLED	44100	19845	0.480103	0	-0.001913	0	0.001526	PASS
create_station26_door_release_sound	CALLED	44100	33075	0.431366	0	0.000087	0	0.000000	PASS
create_service_tunnel_hum_sound	CALLED	44100	52920	0.591980	0	-0.000007	0	0.000000	PASS
create_jakub_keycard_latch_sound	CALLED	44100	24255	0.364166	0	0.000197	0	0.000000	PASS
create_gratitude_confession_tone_sound	CALLED	44100	44100	0.645752	0	-0.000000	0	0.000000	PASS
create_surface_danger_siren_sound	CALLED	44100	39690	0.575104	0	-0.000111	0	0.000000	PASS
create_station27_door_release_sound	CALLED	44100	37485	0.544281	0	-0.000003	0	0.000000	PASS
create_moving_tram_motor_sound	CALLED	44100	52920	0.688263	0	-0.000004	0	0.000000	PASS
create_track_switch_clack_sound	CALLED	44100	19845	0.429474	0	0.000071	0	0.000000	PASS
create_wierzbicka_closing_intercom_sound	CALLED	44100	48510	0.195129	0	-0.000001	0	0.001892	PASS
create_paradox_peron_shimmer_sound	CALLED	44100	59535	0.521362	0	0.000000	0	0.000000	PASS
create_station28_pneumatic_brake_sound	CALLED	44100	41895	0.521271	0	0.000041	0	0.000671	PASS
create_platform13_drip_echo_sound	CALLED	44100	50714	0.494080	0	0.000009	0	0.000000	PASS
create_flickering_neon_buzz_sound	CALLED	44100	37485	0.592865	0	0.000000	0	0.000000	PASS
create_deep_well_drone_sound	CALLED	44100	61739	0.607178	0	0.000006	0	0.000000	PASS
create_jakub_torch_click_sound	CALLED	44100	19845	0.384399	0	0.000001	0	0.000000	PASS
create_station29_grate_creak_sound	CALLED	44100	46305	0.573700	0	0.002324	0	0.025940	PASS
create_transformer_oil_hum_sound	CALLED	44100	79380	0.645477	0	0.001390	0	0.000000	PASS
create_knife_switch_throw_sound	CALLED	44100	39690	0.540710	0	0.000554	0	0.000000	PASS
create_high_voltage_spark_sound	CALLED	44100	17640	0.674683	0	0.000132	0	0.000061	PASS
create_power_grid_relay_sound	CALLED	44100	30869	0.304901	0	0.000217	0	0.000000	PASS
create_station30_door_release_sound	CALLED	44100	48510	0.668701	0	0.000518	0	0.000000	PASS
create_eleven_chairs_whisper_sound	CALLED	44100	70560	0.621704	0	-0.000000	0	0.000000	PASS
create_wierzbicka_recitation_chime_sound	CALLED	44100	52920	0.692841	0	0.000121	0	0.001190	PASS
create_twelfth_chair_resonance_sound	CALLED	44100	61739	0.367462	0	-0.000005	0	0.000000	PASS
create_variant_ledger_page_sound	CALLED	44100	28665	0.342987	0	0.000542	0	0.000000	PASS
create_station31_pressure_hiss_sound	CALLED	44100	55125	0.479370	0	0.000001	0	0.000610	PASS
create_glass_condensation_wipe_sound	CALLED	44100	33075	0.491669	0	-0.003282	0	0.000000	PASS
create_glass_stress_ring_sound	CALLED	44100	57330	0.548828	0	-0.000001	0	0.013519	PASS
create_fire_memory_rumble_sound	CALLED	44100	66150	0.679657	0	-0.000965	0	0.000000	PASS
create_consensus_stamp_reverberation_sound	CALLED	44100	48510	0.695770	0	0.000395	0	0.001404	PASS
create_station32_hatch_unseal_sound	CALLED	44100	44100	0.556427	0	0.000517	0	0.000000	PASS
create_ladder_rung_climb_sound	CALLED	44100	28665	0.718018	0	0.000612	0	0.000244	PASS
create_depth_pressure_creak_sound	CALLED	44100	61739	0.693237	0	-0.007233	0	0.000000	PASS
create_cable_trunk_pulse_sound	CALLED	44100	52920	0.684204	0	-0.000000	0	0.000000	PASS
create_shaft_work_light_hum_sound	CALLED	44100	39690	0.565918	0	0.001555	0	0.000702	PASS
create_station33_lower_hatch_sound	CALLED	44100	59535	0.632263	0	0.000555	0	0.000000	PASS
create_core_reactor_pulse_sound	CALLED	44100	61739	0.631561	0	-0.000014	0	0.000061	PASS
create_biography_slider_drag_sound	CALLED	44100	28665	0.399689	0	0.000105	0	0.003540	PASS
create_core_thermal_alarm_sound	CALLED	44100	37485	0.525238	0	-0.003750	0	0.000031	PASS
create_jakub_diagnostic_probe_sound	CALLED	44100	19845	0.545654	0	0.000072	0	0.017365	PASS
create_station34_filtration_gate_sound	CALLED	44100	66150	0.636047	0	0.000263	0	0.000000	PASS
create_sedation_liquid_slosh_sound	CALLED	44100	57330	0.578857	0	-0.000524	0	0.000000	PASS
create_sludge_valve_creak_sound	CALLED	44100	41895	0.610413	0	0.000207	0	0.001770	PASS
create_chemical_bubbler_sound	CALLED	44100	30869	0.523071	0	-0.000382	0	0.005859	PASS
create_sedation_saturation_alarm_sound	CALLED	44100	35280	0.606384	0	0.000212	0	0.004822	PASS
create_station35_drain_sluice_sound	CALLED	44100	63945	0.625305	0	0.000212	0	0.000153	PASS
create_storm_drain_torrent_sound	CALLED	44100	70560	0.678284	0	0.000811	0	0.003082	PASS
create_drain_weir_creak_sound	CALLED	44100	41895	0.640167	0	0.000405	0	0.012878	PASS
create_acid_ladder_clank_sound	CALLED	44100	17640	0.694092	0	0.000004	0	0.000397	PASS
create_groundwater_leak_alarm_sound	CALLED	44100	37485	0.540436	0	0.000090	0	0.023621	PASS
create_station36_storm_gate_sound	CALLED	44100	66150	0.647156	0	-0.002320	0	0.000366	PASS
create_signal_antenna_carrier_sound	CALLED	44100	61739	0.624451	0	0.000092	0	0.016174	PASS
create_cross_patchbay_plug_sound	CALLED	44100	15434	0.654724	0	-0.000044	0	0.001007	PASS
create_crt_sweep_interference_sound	CALLED	44100	39690	0.472443	0	-0.000629	0	0.047760	PASS
create_memory_injection_lever_sound	CALLED	44100	18522	0.721436	0	0.000243	0	0.004150	PASS
create_station37_broadcast_gate_sound	CALLED	44100	68355	0.598114	0	0.000469	0	0.021790	PASS
create_accident_field_distortion_sound	CALLED	44100	66150	0.615845	0	-0.002445	0	0.000214	PASS
create_jakub_destabilization_hum_sound	CALLED	44100	48510	0.619293	0	0.000161	0	0.000885	PASS
create_rescue_tether_chime_sound	CALLED	44100	55125	0.650269	0	0.000025	0	0.018799	PASS
create_coordinate_calculator_click_sound	CALLED	44100	16758	0.668671	0	0.000332	0	0.000183	PASS
create_station38_reference_vault_door_sound	CALLED	44100	72765	0.643616	0	-0.002048	0	0.026886	PASS
create_reference_core_harmonics_sound	CALLED	44100	97020	0.615662	0	0.000000	0	0.000000	PASS
create_branch_configuration_a_sound	CALLED	44100	61739	0.545990	0	0.000005	0	0.004181	PASS
create_branch_configuration_b_sound	CALLED	44100	66150	0.647583	0	-0.000005	0	0.011749	PASS
create_branch_configuration_c_sound	CALLED	44100	79380	0.633026	0	-0.000288	0	0.003265	PASS
create_station39_act4_gateway_sound	CALLED	44100	83790	0.670685	0	0.001244	0	0.000122	PASS
create_wierzbicka_personal_terminal_sound	CALLED	44100	66150	0.618011	0	-0.000007	0	0.001953	PASS
create_marta_witness_presence_sound	CALLED	44100	70560	0.578705	0	0.000010	0	0.005035	PASS
create_szymon_transmission_feed_sound	CALLED	44100	61739	0.561646	0	-0.000009	0	0.007446	PASS
create_cost_dossier_matrix_sound	CALLED	44100	57330	0.693604	0	-0.000003	0	0.001892	PASS
create_station40_final_chamber_gate_sound	CALLED	44100	79380	0.636444	0	0.005546	0	0.030640	PASS
create_operation_return_execution_sound	CALLED	44100	61739	0.600311	0	-0.000005	0	0.005096	PASS
create_operation_reconciliation_execution_sound	CALLED	44100	61739	0.694427	0	-0.000004	0	0.006409	PASS
create_operation_testimony_execution_sound	CALLED	44100	70560	0.599396	0	0.001455	0	0.004486	PASS
create_operation_console_engage_sound	CALLED	44100	39690	0.693359	0	-0.000087	0	0.001282	PASS
create_station41_act4_resolution_gate_sound	CALLED	44100	79380	0.688751	0	-0.004112	0	0.000549	PASS
create_epilogue_radio_announcement_sound	CALLED	44100	97020	0.489044	0	-0.000007	0	0.017426	PASS
create_epilogue_cup_clink_sound	CALLED	44100	28665	0.684448	0	0.000042	0	0.000000	PASS
create_epilogue_tram_switch_latch_sound	CALLED	44100	52920	0.670471	0	-0.000021	0	0.000549	PASS
create_epilogue_credits_drone_sound	CALLED	44100	110250	0.519836	0	0.000000	0	0.000000	PASS
create_epilogue_final_carrier_sound	CALLED	44100	66150	0.566223	0	-0.000480	0	0.000000	PASS
create_magnetic_resonance_hum_sound	CALLED	44100	59535	0.660095	0	0.000004	0	0.000000	PASS
create_barkhausen_noise_sound	CALLED	44100	37485	0.407654	0	0.023800	0	0.004181	PASS
create_llg_precession_whistle_sound	CALLED	44100	48510	0.491852	0	0.000002	0	0.006500	PASS
create_ferrimagnetic_switch_sound	CALLED	44100	26460	0.479553	0	0.000016	0	0.000000	PASS
create_onsager_thermoelectric_whistle_sound	CALLED	44100	55125	0.597931	0	-0.001266	0	0.000000	PASS
create_entropy_production_pulse_sound	CALLED	44100	41895	0.459564	0	0.000074	0	0.003662	PASS
create_prigogine_relaxation_snap_sound	CALLED	44100	30869	0.357880	0	-0.000055	0	0.000000	PASS
create_thermal_fluctuation_noise_sound	CALLED	44100	50714	0.546967	0	-0.000703	0	0.000031	PASS
create_quantum_vacuum_whistle_sound	CALLED	44100	52920	0.587677	0	-0.001356	0	0.000000	PASS
create_casimir_cavity_hiss_sound	CALLED	44100	46305	0.607544	0	0.000006	0	0.002380	PASS
create_negative_energy_pulse_sound	CALLED	44100	57330	0.572815	0	0.000013	0	0.000031	PASS
create_lifshitz_retarded_snap_sound	CALLED	44100	28665	0.538788	0	0.000007	0	0.000000	PASS
create_cooling_chamber_drone_sound	CALLED	44100	79380	0.573059	0	-0.000028	0	0.000000	PASS
create_high_voltage_hum_sound	CALLED	44100	66150	0.572632	0	-0.000002	0	0.000000	PASS
create_hydraulic_echo_sound	CALLED	44100	61739	0.587463	0	0.000433	0	0.004944	PASS
create_substructure_ambient_sound	CALLED	44100	97020	0.530518	0	-0.000221	0	0.000000	PASS
create_finale_42a_forced_return_sound	CALLED	44100	79380	0.431976	0	-0.000023	0	0.000183	PASS
create_finale_42b_closure_sound	CALLED	44100	97020	0.644257	0	0.000038	0	0.000000	PASS
create_finale_42c_reciprocal_passage_sound	CALLED	44100	105840	0.777527	0	-0.000000	0	0.000000	PASS
create_unease_tinnitus_sound	CALLED	44100	52920	0.677673	0	0.006515	0	0.000000	PASS
create_residential_ambience_sound	CALLED	44100	88200	0.582214	0	-0.000001	0	0.000000	PASS
create_terminal_hum_sound	CALLED	44100	70560	0.627289	0	-0.000000	0	0.000000	PASS
create_tunnel_rumble_sound	CALLED	44100	88200	0.499268	0	-0.000001	0	0.000000	PASS
create_dawn_quietude_sound	CALLED	44100	110250	0.728363	0	0.000005	0	0.000000	PASS
create_footstep_terrazzo_sound	CALLED	44100	3528	0.474487	0	0.000972	0	0.011322	PASS
create_footstep_wet_asphalt_sound	CALLED	44100	3528	0.252991	0	-0.000467	0	0.003113	PASS
create_footstep_steel_grating_sound	CALLED	44100	3969	0.445129	0	0.000145	0	0.002869	PASS
create_footstep_hollow_deck_sound	CALLED	44100	3528	0.537262	0	0.003804	0	0.022522	PASS
create_surface_land_sound	NOT_APPLICABLE_REQUIRED_ARGS	-	-	-	-	-	-	-	NOT_APPLICABLE
create_dialogue_lena_blip_sound	CALLED	44100	2205	0.418671	0	0.000848	0	0.002045	PASS
create_dialogue_wierzbicka_blip_sound	CALLED	44100	2646	0.487915	0	0.000101	0	0.009125	PASS
create_dialogue_system_blip_sound	CALLED	44100	1984	0.433655	0	0.002048	0	0.006958	PASS
create_dialogue_blip_for_speaker	NOT_APPLICABLE_REQUIRED_ARGS	-	-	-	-	-	-	-	NOT_APPLICABLE
create_act1_fluorescent_ballast_hum_sound	CALLED	44100	79380	0.494232	0	-0.000006	0	0.000000	PASS
create_act1_rain_ambience_sound	CALLED	44100	88200	0.392883	0	-0.000000	0	0.000000	PASS
create_bakelite_telephone_ring_sound	CALLED	44100	26460	0.595673	0	0.000010	0	0.000214	PASS
create_institutional_hvac_ambient_sound	CALLED	44100	97020	0.515900	0	0.000001	0	0.000000	PASS
create_linoleum_corridor_resonance_sound	CALLED	44100	88200	0.549896	0	-0.000000	0	0.000000	PASS
create_teletype_relay_ambience_sound	CALLED	44100	79380	0.518341	0	0.000134	0	0.000000	PASS
create_magnetic_latch_sterile_sound	CALLED	44100	9702	0.637207	0	0.000898	0	0.000000	PASS
create_transformer_infrasound_sound	CALLED	44100	97020	0.535248	0	-0.000003	0	0.000000	PASS
create_shaft_water_drip_echo_sound	CALLED	44100	88200	0.522949	0	0.000009	0	0.000000	PASS
create_tempered_glass_resonance_sound	CALLED	44100	79380	0.614655	0	0.000081	0	0.000000	PASS
create_riveted_catwalk_creak_sound	CALLED	44100	83790	0.544891	0	0.000001	0	0.000000	PASS
create_correction_tension_swell_sound	CALLED	44100	105840	0.561737	0	-0.009395	0	0.000000	PASS
create_tri_path_resonance_sound	CALLED	44100	110250	0.681824	0	-0.000000	0	0.000000	PASS
create_anchor_grip_sound	CALLED	44100	4851	0.156189	0	0.000267	0	0.000000	PASS
create_anchor_sustain_tone_sound	CALLED	44100	52920	0.342438	0	0.000088	1	0.054077	PASS
create_anchor_release_sound	CALLED	44100	14994	0.427429	0	-0.002931	0	0.000000	PASS
create_yield_collapse_sound	CALLED	44100	20286	0.374298	0	-0.000682	0	0.012146	PASS
create_prop_drag_scrape_sound	CALLED	44100	35280	0.377716	0	0.000544	1	0.196045	PASS
create_contact_tap_sound	CALLED	44100	1984	0.175293	0	-0.003281	0	0.000000	PASS
create_switch_detent_sound	CALLED	44100	3748	0.329224	0	-0.005967	0	0.000244	PASS
create_probe_brush_sound	CALLED	44100	7056	0.162170	0	-0.000001	0	0.000031	PASS
create_outdoor_viaduct_wind_sound	CALLED	44100	97020	0.523163	0	0.000614	1	0.028931	PASS
create_outdoor_perimeter_wind_sound	CALLED	44100	105840	0.524200	0	0.000770	1	0.269928	PASS
create_subterranean_substation_resonance_sound	CALLED	44100	97020	0.710327	0	0.000667	1	0.210297	PASS
create_signal_vault_resonance_sound	CALLED	44100	101429	0.558777	0	0.000957	1	0.138947	PASS
create_analyzer_cooling_conduit_drone_sound	CALLED	44100	97020	0.547424	0	0.000755	1	0.337646	PASS
create_archive_ledger_resonance_sound	CALLED	44100	92610	0.540894	0	0.000438	1	0.328400	PASS
create_dawn_river_ambience_sound	CALLED	44100	114660	0.690979	0	0.000294	1	0.227783	PASS
