scene	path	campaign_space	scene_kind	status	direct_frame_measurement	profiles	profile_count	scripted_nodes	procedural_draw_nodes	active_process_nodes	active_physics_nodes	animated_or_effect_nodes	cpuparticles_2d	point_lights_2d	animation_players	animated_sprites_2d	prototype_players	discontinuous_shadows	crt_dialogue_boxes	vector_stage_environments	atmosphere_rigs	opening_dialogue_cues	shared_element_nodes	script_paths	type_counts
station_01	res://scenes/levels/station_01.tscn	1	station	inventory_only	true	[{ "station_number": 1, "stage_seed": 1, "stage_variant": "", "world_size": "(640.0, 360.0)" }]	1	14	10	11	2	25	10	3	0	0	1	0	1	1	1	1	5	{ "res://scripts/levels/station_01.gd": 1, "res://scripts/camera/cinematic_camera.gd": 1, "res://scripts/player/prototype_player.gd": 1, "res://scripts/interactables/memory_resonance_point.gd": 7, "res://scripts/ui/station_dialogue_cue.gd": 1, "res://scripts/ui/crt_dialogue_box.gd": 1, "res://scripts/levels/atmosphere_rig.gd": 1, "res://scripts/visual/vector_stage_environment.gd": 1 }	{ "Node2D": 5, "AudioStreamPlayer": 4, "Camera2D": 1, "CharacterBody2D": 1, "CPUParticles2D": 10, "AudioStreamPlayer2D": 9, "CollisionShape2D": 16, "Area2D": 8, "AnimatableBody2D": 1, "StaticBody2D": 6, "Node": 1, "CanvasLayer": 1, "Panel": 1, "Label": 3, "RichTextLabel": 1, "PointLight2D": 3 }
station_02	res://scenes/levels/station_02.tscn	2	station	inventory_only	true	[{ "station_number": 2, "stage_seed": 2, "stage_variant": "", "world_size": "(640.0, 360.0)" }]	1	11	7	7	3	18	6	3	0	0	1	1	1	1	1	1	5	{ "res://scripts/levels/station_02.gd": 1, "res://scripts/camera/cinematic_camera.gd": 1, "res://scripts/player/prototype_player.gd": 1, "res://scripts/player/discontinuous_shadow.gd": 1, "res://scripts/interactables/memory_resonance_point.gd": 3, "res://scripts/ui/station_dialogue_cue.gd": 1, "res://scripts/ui/crt_dialogue_box.gd": 1, "res://scripts/levels/atmosphere_rig.gd": 1, "res://scripts/visual/vector_stage_environment.gd": 1 }	{ "Node2D": 6, "AudioStreamPlayer": 7, "Camera2D": 1, "CharacterBody2D": 1, "CPUParticles2D": 6, "AudioStreamPlayer2D": 5, "CollisionShape2D": 11, "Area2D": 4, "AnimatableBody2D": 1, "StaticBody2D": 5, "Node": 1, "CanvasLayer": 1, "Panel": 1, "Label": 3, "RichTextLabel": 1, "PointLight2D": 3 }
station_03	res://scenes/levels/station_03.tscn	3	station	inventory_only	false	[{ "station_number": 3, "stage_seed": 3, "stage_variant": "", "world_size": "(640.0, 360.0)" }]	1	11	7	8	2	19	7	3	0	0	1	0	1	1	1	1	5	{ "res://scripts/levels/station_03.gd": 1, "res://scripts/camera/cinematic_camera.gd": 1, "res://scripts/player/prototype_player.gd": 1, "res://scripts/interactables/memory_resonance_point.gd": 4, "res://scripts/ui/station_dialogue_cue.gd": 1, "res://scripts/ui/crt_dialogue_box.gd": 1, "res://scripts/levels/atmosphere_rig.gd": 1, "res://scripts/visual/vector_stage_environment.gd": 1 }	{ "Node2D": 5, "AudioStreamPlayer": 4, "Camera2D": 1, "CharacterBody2D": 1, "CPUParticles2D": 7, "AudioStreamPlayer2D": 6, "CollisionShape2D": 12, "Area2D": 5, "AnimatableBody2D": 1, "StaticBody2D": 5, "Node": 1, "CanvasLayer": 1, "Panel": 1, "Label": 3, "RichTextLabel": 1, "PointLight2D": 3 }
station_04	res://scenes/levels/station_04.tscn	4	station	inventory_only	false	[{ "station_number": 4, "stage_seed": 4, "stage_variant": "", "world_size": "(640.0, 360.0)" }]	1	10	6	7	3	17	6	3	0	0	1	0	1	1	1	1	5	{ "res://scripts/levels/station_04.gd": 1, "res://scripts/camera/cinematic_camera.gd": 1, "res://scripts/player/prototype_player.gd": 1, "res://scripts/interactables/memory_resonance_point.gd": 3, "res://scripts/ui/station_dialogue_cue.gd": 1, "res://scripts/ui/crt_dialogue_box.gd": 1, "res://scripts/levels/atmosphere_rig.gd": 1, "res://scripts/visual/vector_stage_environment.gd": 1 }	{ "Node2D": 6, "AudioStreamPlayer": 7, "Camera2D": 1, "CharacterBody2D": 1, "CPUParticles2D": 6, "AudioStreamPlayer2D": 5, "CollisionShape2D": 11, "Area2D": 4, "AnimatableBody2D": 1, "StaticBody2D": 5, "Node": 1, "CanvasLayer": 1, "Panel": 1, "Label": 3, "RichTextLabel": 1, "PointLight2D": 3 }
station_05	res://scenes/levels/station_05.tscn	5	station	inventory_only	false	[{ "station_number": 5, "stage_seed": 5, "stage_variant": "", "world_size": "(1280.0, 360.0)" }]	1	11	7	8	2	21	8	4	0	0	1	0	1	1	1	1	5	{ "res://scripts/levels/station_05.gd": 1, "res://scripts/camera/cinematic_camera.gd": 1, "res://scripts/player/prototype_player.gd": 1, "res://scripts/interactables/memory_resonance_point.gd": 4, "res://scripts/ui/station_dialogue_cue.gd": 1, "res://scripts/ui/crt_dialogue_box.gd": 1, "res://scripts/levels/atmosphere_rig.gd": 1, "res://scripts/visual/vector_stage_environment.gd": 1 }	{ "Node2D": 5, "AudioStreamPlayer": 6, "Camera2D": 1, "CharacterBody2D": 1, "CPUParticles2D": 8, "AudioStreamPlayer2D": 6, "CollisionShape2D": 9, "Area2D": 5, "StaticBody2D": 3, "Node": 1, "CanvasLayer": 1, "Panel": 1, "Label": 3, "RichTextLabel": 1, "PointLight2D": 4 }
station_06	res://scenes/levels/station_06.tscn	6	station	inventory_only	false	[{ "station_number": 6, "stage_seed": 6, "stage_variant": "", "world_size": "(640.0, 360.0)" }]	1	11	7	8	2	19	7	3	0	0	1	0	1	1	1	1	5	{ "res://scripts/levels/station_06.gd": 1, "res://scripts/camera/cinematic_camera.gd": 1, "res://scripts/player/prototype_player.gd": 1, "res://scripts/interactables/memory_resonance_point.gd": 4, "res://scripts/ui/station_dialogue_cue.gd": 1, "res://scripts/ui/crt_dialogue_box.gd": 1, "res://scripts/levels/atmosphere_rig.gd": 1, "res://scripts/visual/vector_stage_environment.gd": 1 }	{ "Node2D": 5, "AudioStreamPlayer": 9, "Camera2D": 1, "CharacterBody2D": 1, "CPUParticles2D": 7, "AudioStreamPlayer2D": 6, "CollisionShape2D": 10, "Area2D": 5, "AnimatableBody2D": 1, "StaticBody2D": 3, "Node": 1, "CanvasLayer": 1, "Panel": 1, "Label": 3, "RichTextLabel": 1, "PointLight2D": 3 }
station_07	res://scenes/levels/station_07.tscn	7	station	inventory_only	false	[{ "station_number": 7, "stage_seed": 7, "stage_variant": "", "world_size": "(640.0, 360.0)" }]	1	12	8	9	3	21	8	3	0	0	1	0	1	1	1	1	5	{ "res://scripts/levels/station_07.gd": 1, "res://scripts/camera/cinematic_camera.gd": 1, "res://scripts/player/prototype_player.gd": 1, "res://scripts/interactables/memory_resonance_point.gd": 5, "res://scripts/ui/station_dialogue_cue.gd": 1, "res://scripts/ui/crt_dialogue_box.gd": 1, "res://scripts/levels/atmosphere_rig.gd": 1, "res://scripts/visual/vector_stage_environment.gd": 1 }	{ "Node2D": 5, "AudioStreamPlayer": 6, "Camera2D": 1, "CharacterBody2D": 1, "CPUParticles2D": 8, "AudioStreamPlayer2D": 7, "CollisionShape2D": 11, "Area2D": 6, "StaticBody2D": 5, "CollisionPolygon2D": 1, "Node": 1, "CanvasLayer": 1, "Panel": 1, "Label": 3, "RichTextLabel": 1, "PointLight2D": 3 }
station_08	res://scenes/levels/station_08.tscn	8	station	inventory_only	false	[{ "station_number": 8, "stage_seed": 8, "stage_variant": "", "world_size": "(640.0, 360.0)" }]	1	15	11	11	4	28	12	3	0	0	1	0	1	1	1	1	5	{ "res://scripts/levels/station_08.gd": 1, "res://scripts/camera/cinematic_camera.gd": 1, "res://scripts/player/prototype_player.gd": 1, "res://scripts/interactables/memory_resonance_point.gd": 7, "res://scripts/interactables/movable_anchorable_prop.gd": 1, "res://scripts/ui/station_dialogue_cue.gd": 1, "res://scripts/ui/crt_dialogue_box.gd": 1, "res://scripts/levels/atmosphere_rig.gd": 1, "res://scripts/visual/vector_stage_environment.gd": 1 }	{ "Node2D": 5, "AudioStreamPlayer": 6, "Camera2D": 1, "CharacterBody2D": 2, "CPUParticles2D": 12, "AudioStreamPlayer2D": 10, "CollisionShape2D": 14, "Area2D": 8, "StaticBody2D": 4, "Node": 1, "CanvasLayer": 1, "Panel": 1, "Label": 3, "RichTextLabel": 1, "PointLight2D": 3 }
station_09	res://scenes/levels/station_09.tscn	9	station	inventory_only	false	[{ "station_number": 9, "stage_seed": 9, "stage_variant": "", "world_size": "(640.0, 360.0)" }]	1	13	9	9	3	24	10	3	0	0	1	0	1	1	1	1	5	{ "res://scripts/levels/station_09.gd": 1, "res://scripts/camera/cinematic_camera.gd": 1, "res://scripts/player/prototype_player.gd": 1, "res://scripts/interactables/memory_resonance_point.gd": 5, "res://scripts/interactables/anchorable_object.gd": 1, "res://scripts/ui/station_dialogue_cue.gd": 1, "res://scripts/ui/crt_dialogue_box.gd": 1, "res://scripts/levels/atmosphere_rig.gd": 1, "res://scripts/visual/vector_stage_environment.gd": 1 }	{ "Node2D": 5, "AudioStreamPlayer": 9, "Camera2D": 1, "CharacterBody2D": 1, "CPUParticles2D": 10, "AudioStreamPlayer2D": 8, "CollisionShape2D": 12, "Area2D": 6, "AnimatableBody2D": 1, "StaticBody2D": 4, "Node": 1, "CanvasLayer": 1, "Panel": 1, "Label": 3, "RichTextLabel": 1, "PointLight2D": 3 }
station_10	res://scenes/levels/station_10.tscn	10	station	inventory_only	false	[{ "station_number": 10, "stage_seed": 10, "stage_variant": "", "world_size": "(640.0, 360.0)" }]	1	12	8	9	2	21	8	3	0	0	1	0	1	1	1	1	5	{ "res://scripts/levels/station_10.gd": 1, "res://scripts/camera/cinematic_camera.gd": 1, "res://scripts/player/prototype_player.gd": 1, "res://scripts/interactables/memory_resonance_point.gd": 5, "res://scripts/ui/station_dialogue_cue.gd": 1, "res://scripts/ui/crt_dialogue_box.gd": 1, "res://scripts/levels/atmosphere_rig.gd": 1, "res://scripts/visual/vector_stage_environment.gd": 1 }	{ "Node2D": 5, "AudioStreamPlayer": 7, "Camera2D": 1, "CharacterBody2D": 1, "CPUParticles2D": 8, "AudioStreamPlayer2D": 7, "CollisionShape2D": 12, "Area2D": 6, "AnimatableBody2D": 1, "StaticBody2D": 4, "Node": 1, "CanvasLayer": 1, "Panel": 1, "Label": 3, "RichTextLabel": 1, "PointLight2D": 3 }
station_11	res://scenes/levels/station_11.tscn	11	station	inventory_only	false	[{ "station_number": 11, "stage_seed": 11, "stage_variant": "", "world_size": "(640.0, 360.0)" }]	1	13	9	10	2	24	10	3	0	0	1	0	1	1	1	1	5	{ "res://scripts/levels/station_11.gd": 1, "res://scripts/camera/cinematic_camera.gd": 1, "res://scripts/player/prototype_player.gd": 1, "res://scripts/interactables/memory_resonance_point.gd": 6, "res://scripts/ui/station_dialogue_cue.gd": 1, "res://scripts/ui/crt_dialogue_box.gd": 1, "res://scripts/levels/atmosphere_rig.gd": 1, "res://scripts/visual/vector_stage_environment.gd": 1 }	{ "Node2D": 5, "AudioStreamPlayer": 7, "Camera2D": 1, "CharacterBody2D": 1, "CPUParticles2D": 10, "AudioStreamPlayer2D": 8, "CollisionShape2D": 17, "Area2D": 7, "StaticBody2D": 9, "Node": 1, "CanvasLayer": 1, "Panel": 1, "Label": 3, "RichTextLabel": 1, "PointLight2D": 3 }
station_12	res://scenes/levels/station_12.tscn	12	station	inventory_only	false	[{ "station_number": 12, "stage_seed": 12, "stage_variant": "", "world_size": "(640.0, 360.0)" }]	1	13	9	10	3	24	10	3	0	0	1	0	1	1	1	1	5	{ "res://scripts/levels/station_12.gd": 1, "res://scripts/camera/cinematic_camera.gd": 1, "res://scripts/player/prototype_player.gd": 1, "res://scripts/interactables/memory_resonance_point.gd": 5, "res://scripts/interactables/anchorable_object.gd": 1, "res://scripts/ui/station_dialogue_cue.gd": 1, "res://scripts/ui/crt_dialogue_box.gd": 1, "res://scripts/levels/atmosphere_rig.gd": 1, "res://scripts/visual/vector_stage_environment.gd": 1 }	{ "Node2D": 5, "AudioStreamPlayer": 8, "Camera2D": 1, "CharacterBody2D": 1, "CPUParticles2D": 10, "AudioStreamPlayer2D": 8, "CollisionShape2D": 16, "Area2D": 6, "AnimatableBody2D": 1, "StaticBody2D": 8, "Node": 1, "CanvasLayer": 1, "Panel": 1, "Label": 3, "RichTextLabel": 1, "PointLight2D": 3 }
station_13	res://scenes/levels/station_13.tscn	13	station	inventory_only	false	[{ "station_number": 13, "stage_seed": 13, "stage_variant": "", "world_size": "(640.0, 360.0)" }]	1	12	8	9	2	21	8	3	0	0	1	0	1	1	1	1	5	{ "res://scripts/levels/station_13.gd": 1, "res://scripts/camera/cinematic_camera.gd": 1, "res://scripts/player/prototype_player.gd": 1, "res://scripts/interactables/memory_resonance_point.gd": 5, "res://scripts/ui/station_dialogue_cue.gd": 1, "res://scripts/ui/crt_dialogue_box.gd": 1, "res://scripts/levels/atmosphere_rig.gd": 1, "res://scripts/visual/vector_stage_environment.gd": 1 }	{ "Node2D": 5, "Camera2D": 1, "CharacterBody2D": 1, "CPUParticles2D": 8, "AudioStreamPlayer2D": 7, "CollisionShape2D": 11, "Area2D": 6, "StaticBody2D": 4, "Node": 1, "CanvasLayer": 1, "AudioStreamPlayer": 2, "Panel": 1, "Label": 3, "RichTextLabel": 1, "PointLight2D": 3 }
station_14	res://scenes/levels/station_14.tscn	14	station	inventory_only	true	[{ "station_number": 14, "stage_seed": 14, "stage_variant": "", "world_size": "(640.0, 360.0)" }]	1	13	9	10	3	24	10	3	0	0	1	0	1	1	1	1	5	{ "res://scripts/levels/station_14.gd": 1, "res://scripts/camera/cinematic_camera.gd": 1, "res://scripts/player/prototype_player.gd": 1, "res://scripts/interactables/memory_resonance_point.gd": 5, "res://scripts/interactables/anchorable_object.gd": 1, "res://scripts/ui/station_dialogue_cue.gd": 1, "res://scripts/ui/crt_dialogue_box.gd": 1, "res://scripts/levels/atmosphere_rig.gd": 1, "res://scripts/visual/vector_stage_environment.gd": 1 }	{ "Node2D": 5, "Camera2D": 1, "CharacterBody2D": 1, "CPUParticles2D": 10, "AudioStreamPlayer2D": 8, "CollisionShape2D": 12, "Area2D": 6, "AnimatableBody2D": 1, "StaticBody2D": 4, "Node": 1, "CanvasLayer": 1, "AudioStreamPlayer": 2, "Panel": 1, "Label": 3, "RichTextLabel": 1, "PointLight2D": 3 }
station_15	res://scenes/levels/station_15.tscn	15	station	inventory_only	false	[{ "station_number": 15, "stage_seed": 15, "stage_variant": "", "world_size": "(640.0, 360.0)" }]	1	12	8	9	2	21	8	3	0	0	1	0	1	1	1	1	5	{ "res://scripts/levels/station_15.gd": 1, "res://scripts/camera/cinematic_camera.gd": 1, "res://scripts/player/prototype_player.gd": 1, "res://scripts/interactables/memory_resonance_point.gd": 5, "res://scripts/ui/station_dialogue_cue.gd": 1, "res://scripts/ui/crt_dialogue_box.gd": 1, "res://scripts/levels/atmosphere_rig.gd": 1, "res://scripts/visual/vector_stage_environment.gd": 1 }	{ "Node2D": 5, "Camera2D": 1, "CharacterBody2D": 1, "CPUParticles2D": 8, "AudioStreamPlayer2D": 7, "CollisionShape2D": 11, "Area2D": 6, "StaticBody2D": 4, "Node": 1, "CanvasLayer": 1, "AudioStreamPlayer": 2, "Panel": 1, "Label": 3, "RichTextLabel": 1, "PointLight2D": 3 }
station_16	res://scenes/levels/station_16.tscn	16	station	inventory_only	false	[{ "station_number": 16, "stage_seed": 16, "stage_variant": "", "world_size": "(640.0, 360.0)" }]	1	12	8	9	2	21	8	3	0	0	1	0	1	1	1	1	5	{ "res://scripts/levels/station_16.gd": 1, "res://scripts/camera/cinematic_camera.gd": 1, "res://scripts/player/prototype_player.gd": 1, "res://scripts/interactables/memory_resonance_point.gd": 5, "res://scripts/ui/station_dialogue_cue.gd": 1, "res://scripts/ui/crt_dialogue_box.gd": 1, "res://scripts/levels/atmosphere_rig.gd": 1, "res://scripts/visual/vector_stage_environment.gd": 1 }	{ "Node2D": 5, "Camera2D": 1, "CharacterBody2D": 1, "CPUParticles2D": 8, "AudioStreamPlayer2D": 7, "CollisionShape2D": 11, "Area2D": 6, "StaticBody2D": 4, "Node": 1, "CanvasLayer": 1, "AudioStreamPlayer": 2, "Panel": 1, "Label": 3, "RichTextLabel": 1, "PointLight2D": 3 }
station_17	res://scenes/levels/station_17.tscn	17	station	inventory_only	false	[{ "station_number": 17, "stage_seed": 17, "stage_variant": "", "world_size": "(640.0, 360.0)" }]	1	12	8	9	2	21	8	3	0	0	1	0	1	1	1	1	5	{ "res://scripts/levels/station_17.gd": 1, "res://scripts/camera/cinematic_camera.gd": 1, "res://scripts/player/prototype_player.gd": 1, "res://scripts/interactables/memory_resonance_point.gd": 5, "res://scripts/ui/station_dialogue_cue.gd": 1, "res://scripts/ui/crt_dialogue_box.gd": 1, "res://scripts/levels/atmosphere_rig.gd": 1, "res://scripts/visual/vector_stage_environment.gd": 1 }	{ "Node2D": 5, "AudioStreamPlayer2D": 8, "Camera2D": 1, "CharacterBody2D": 1, "CPUParticles2D": 8, "CollisionShape2D": 12, "Area2D": 6, "StaticBody2D": 4, "AnimatableBody2D": 1, "Node": 1, "CanvasLayer": 1, "AudioStreamPlayer": 2, "Panel": 1, "Label": 3, "RichTextLabel": 1, "PointLight2D": 3 }
station_18	res://scenes/levels/station_18.tscn	18	station	inventory_only	false	[{ "station_number": 18, "stage_seed": 18, "stage_variant": "", "world_size": "(640.0, 360.0)" }]	1	12	8	9	2	21	8	3	0	0	1	0	1	1	1	1	5	{ "res://scripts/levels/station_18.gd": 1, "res://scripts/camera/cinematic_camera.gd": 1, "res://scripts/player/prototype_player.gd": 1, "res://scripts/interactables/memory_resonance_point.gd": 5, "res://scripts/ui/station_dialogue_cue.gd": 1, "res://scripts/ui/crt_dialogue_box.gd": 1, "res://scripts/levels/atmosphere_rig.gd": 1, "res://scripts/visual/vector_stage_environment.gd": 1 }	{ "Node2D": 5, "Camera2D": 1, "CharacterBody2D": 1, "CPUParticles2D": 8, "AudioStreamPlayer2D": 7, "CollisionShape2D": 11, "Area2D": 6, "StaticBody2D": 4, "Node": 1, "CanvasLayer": 1, "AudioStreamPlayer": 2, "Panel": 1, "Label": 3, "RichTextLabel": 1, "PointLight2D": 3 }
station_19	res://scenes/levels/station_19.tscn	19	station	inventory_only	false	[{ "station_number": 19, "stage_seed": 19, "stage_variant": "", "world_size": "(640.0, 360.0)" }]	1	13	9	10	3	24	10	3	0	0	1	0	1	1	1	1	5	{ "res://scripts/levels/station_19.gd": 1, "res://scripts/camera/cinematic_camera.gd": 1, "res://scripts/player/prototype_player.gd": 1, "res://scripts/interactables/memory_resonance_point.gd": 5, "res://scripts/interactables/anchorable_object.gd": 1, "res://scripts/ui/station_dialogue_cue.gd": 1, "res://scripts/ui/crt_dialogue_box.gd": 1, "res://scripts/levels/atmosphere_rig.gd": 1, "res://scripts/visual/vector_stage_environment.gd": 1 }	{ "Node2D": 5, "Camera2D": 1, "CharacterBody2D": 1, "CPUParticles2D": 10, "AudioStreamPlayer2D": 8, "CollisionShape2D": 12, "Area2D": 6, "StaticBody2D": 4, "AnimatableBody2D": 1, "Node": 1, "CanvasLayer": 1, "AudioStreamPlayer": 2, "Panel": 1, "Label": 3, "RichTextLabel": 1, "PointLight2D": 3 }
station_20	res://scenes/levels/station_20.tscn	20	station	inventory_only	false	[{ "station_number": 20, "stage_seed": 20, "stage_variant": "", "world_size": "(640.0, 360.0)" }]	1	13	9	10	3	24	10	3	0	0	1	0	1	1	1	1	5	{ "res://scripts/levels/station_20.gd": 1, "res://scripts/camera/cinematic_camera.gd": 1, "res://scripts/player/prototype_player.gd": 1, "res://scripts/interactables/memory_resonance_point.gd": 5, "res://scripts/interactables/anchorable_object.gd": 1, "res://scripts/ui/station_dialogue_cue.gd": 1, "res://scripts/ui/crt_dialogue_box.gd": 1, "res://scripts/levels/atmosphere_rig.gd": 1, "res://scripts/visual/vector_stage_environment.gd": 1 }	{ "Node2D": 5, "Camera2D": 1, "CharacterBody2D": 1, "CPUParticles2D": 10, "AudioStreamPlayer2D": 8, "CollisionShape2D": 12, "Area2D": 6, "StaticBody2D": 4, "AnimatableBody2D": 1, "Node": 1, "CanvasLayer": 1, "AudioStreamPlayer": 2, "Panel": 1, "Label": 3, "RichTextLabel": 1, "PointLight2D": 3 }
station_21	res://scenes/levels/station_21.tscn	21	station	inventory_only	false	[{ "station_number": 21, "stage_seed": 21, "stage_variant": "", "world_size": "(640.0, 360.0)" }]	1	12	8	9	2	21	8	3	0	0	1	0	1	1	1	1	5	{ "res://scripts/levels/station_21.gd": 1, "res://scripts/camera/cinematic_camera.gd": 1, "res://scripts/player/prototype_player.gd": 1, "res://scripts/interactables/memory_resonance_point.gd": 5, "res://scripts/ui/station_dialogue_cue.gd": 1, "res://scripts/ui/crt_dialogue_box.gd": 1, "res://scripts/levels/atmosphere_rig.gd": 1, "res://scripts/visual/vector_stage_environment.gd": 1 }	{ "Node2D": 5, "Camera2D": 1, "CharacterBody2D": 1, "CPUParticles2D": 8, "AudioStreamPlayer2D": 7, "CollisionShape2D": 11, "Area2D": 6, "StaticBody2D": 4, "Node": 1, "CanvasLayer": 1, "AudioStreamPlayer": 2, "Panel": 1, "Label": 3, "RichTextLabel": 1, "PointLight2D": 3 }
station_22	res://scenes/levels/station_22.tscn	22	station	inventory_only	true	[{ "station_number": 22, "stage_seed": 22, "stage_variant": "", "world_size": "(640.0, 360.0)" }]	1	12	8	9	3	21	8	3	0	0	1	0	1	1	1	1	5	{ "res://scripts/levels/station_22.gd": 1, "res://scripts/camera/cinematic_camera.gd": 1, "res://scripts/player/prototype_player.gd": 1, "res://scripts/interactables/memory_resonance_point.gd": 5, "res://scripts/ui/station_dialogue_cue.gd": 1, "res://scripts/ui/crt_dialogue_box.gd": 1, "res://scripts/levels/atmosphere_rig.gd": 1, "res://scripts/visual/vector_stage_environment.gd": 1 }	{ "Node2D": 5, "Camera2D": 1, "CharacterBody2D": 1, "CPUParticles2D": 8, "AudioStreamPlayer2D": 7, "CollisionShape2D": 12, "Area2D": 6, "AnimatableBody2D": 1, "StaticBody2D": 4, "Node": 1, "CanvasLayer": 1, "AudioStreamPlayer": 2, "Panel": 1, "Label": 3, "RichTextLabel": 1, "PointLight2D": 3 }
station_23	res://scenes/levels/station_23.tscn	23	station	inventory_only	false	[{ "station_number": 23, "stage_seed": 23, "stage_variant": "", "world_size": "(640.0, 360.0)" }]	1	12	8	9	2	21	8	3	0	0	1	0	1	1	1	1	5	{ "res://scripts/levels/station_23.gd": 1, "res://scripts/camera/cinematic_camera.gd": 1, "res://scripts/player/prototype_player.gd": 1, "res://scripts/interactables/memory_resonance_point.gd": 5, "res://scripts/ui/station_dialogue_cue.gd": 1, "res://scripts/ui/crt_dialogue_box.gd": 1, "res://scripts/levels/atmosphere_rig.gd": 1, "res://scripts/visual/vector_stage_environment.gd": 1 }	{ "Node2D": 5, "Camera2D": 1, "CharacterBody2D": 1, "CPUParticles2D": 8, "AudioStreamPlayer2D": 7, "CollisionShape2D": 11, "Area2D": 6, "StaticBody2D": 4, "Node": 1, "CanvasLayer": 1, "AudioStreamPlayer": 2, "Panel": 1, "Label": 3, "RichTextLabel": 1, "PointLight2D": 3 }
station_24	res://scenes/levels/station_24.tscn	24	station	inventory_only	false	[{ "station_number": 24, "stage_seed": 24, "stage_variant": "", "world_size": "(640.0, 360.0)" }]	1	12	8	9	2	21	8	3	0	0	1	0	1	1	1	1	5	{ "res://scripts/levels/station_24.gd": 1, "res://scripts/camera/cinematic_camera.gd": 1, "res://scripts/player/prototype_player.gd": 1, "res://scripts/interactables/memory_resonance_point.gd": 5, "res://scripts/ui/station_dialogue_cue.gd": 1, "res://scripts/ui/crt_dialogue_box.gd": 1, "res://scripts/levels/atmosphere_rig.gd": 1, "res://scripts/visual/vector_stage_environment.gd": 1 }	{ "Node2D": 5, "Camera2D": 1, "CharacterBody2D": 1, "CPUParticles2D": 8, "AudioStreamPlayer2D": 7, "CollisionShape2D": 11, "Area2D": 6, "StaticBody2D": 4, "Node": 1, "CanvasLayer": 1, "AudioStreamPlayer": 2, "Panel": 1, "Label": 3, "RichTextLabel": 1, "PointLight2D": 3 }
station_25	res://scenes/levels/station_25.tscn	25	station	inventory_only	false	[{ "station_number": 25, "stage_seed": 25, "stage_variant": "", "world_size": "(640.0, 360.0)" }]	1	12	8	9	2	21	8	3	0	0	1	0	1	1	1	1	5	{ "res://scripts/levels/station_25.gd": 1, "res://scripts/camera/cinematic_camera.gd": 1, "res://scripts/player/prototype_player.gd": 1, "res://scripts/interactables/memory_resonance_point.gd": 5, "res://scripts/ui/station_dialogue_cue.gd": 1, "res://scripts/ui/crt_dialogue_box.gd": 1, "res://scripts/levels/atmosphere_rig.gd": 1, "res://scripts/visual/vector_stage_environment.gd": 1 }	{ "Node2D": 5, "Camera2D": 1, "CharacterBody2D": 1, "CPUParticles2D": 8, "AudioStreamPlayer2D": 7, "CollisionShape2D": 11, "Area2D": 6, "StaticBody2D": 4, "Node": 1, "CanvasLayer": 1, "AudioStreamPlayer": 2, "Panel": 1, "Label": 3, "RichTextLabel": 1, "PointLight2D": 3 }
station_26	res://scenes/levels/station_26.tscn	26	station	inventory_only	false	[{ "station_number": 26, "stage_seed": 26, "stage_variant": "", "world_size": "(640.0, 360.0)" }]	1	12	8	9	2	21	8	3	0	0	1	0	1	1	1	1	5	{ "res://scripts/levels/station_26.gd": 1, "res://scripts/camera/cinematic_camera.gd": 1, "res://scripts/player/prototype_player.gd": 1, "res://scripts/interactables/memory_resonance_point.gd": 5, "res://scripts/ui/station_dialogue_cue.gd": 1, "res://scripts/ui/crt_dialogue_box.gd": 1, "res://scripts/levels/atmosphere_rig.gd": 1, "res://scripts/visual/vector_stage_environment.gd": 1 }	{ "Node2D": 5, "Camera2D": 1, "CharacterBody2D": 1, "CPUParticles2D": 8, "AudioStreamPlayer2D": 7, "CollisionShape2D": 12, "Area2D": 6, "AnimatableBody2D": 1, "StaticBody2D": 4, "Node": 1, "CanvasLayer": 1, "AudioStreamPlayer": 2, "Panel": 1, "Label": 3, "RichTextLabel": 1, "PointLight2D": 3 }
station_27	res://scenes/levels/station_27.tscn	27	station	inventory_only	false	[{ "station_number": 27, "stage_seed": 27, "stage_variant": "", "world_size": "(640.0, 360.0)" }]	1	12	8	9	2	21	8	3	0	0	1	0	1	1	1	1	5	{ "res://scripts/levels/station_27.gd": 1, "res://scripts/camera/cinematic_camera.gd": 1, "res://scripts/player/prototype_player.gd": 1, "res://scripts/interactables/memory_resonance_point.gd": 5, "res://scripts/ui/station_dialogue_cue.gd": 1, "res://scripts/ui/crt_dialogue_box.gd": 1, "res://scripts/levels/atmosphere_rig.gd": 1, "res://scripts/visual/vector_stage_environment.gd": 1 }	{ "Node2D": 5, "Camera2D": 1, "CharacterBody2D": 1, "CPUParticles2D": 8, "AudioStreamPlayer2D": 7, "CollisionShape2D": 11, "Area2D": 6, "StaticBody2D": 4, "Node": 1, "CanvasLayer": 1, "AudioStreamPlayer": 2, "Panel": 1, "Label": 3, "RichTextLabel": 1, "PointLight2D": 3 }
station_28	res://scenes/levels/station_28.tscn	28	station	inventory_only	false	[{ "station_number": 28, "stage_seed": 28, "stage_variant": "", "world_size": "(640.0, 360.0)" }]	1	12	8	9	2	21	8	3	0	0	1	0	1	1	1	1	5	{ "res://scripts/levels/station_28.gd": 1, "res://scripts/camera/cinematic_camera.gd": 1, "res://scripts/player/prototype_player.gd": 1, "res://scripts/interactables/memory_resonance_point.gd": 5, "res://scripts/ui/station_dialogue_cue.gd": 1, "res://scripts/ui/crt_dialogue_box.gd": 1, "res://scripts/levels/atmosphere_rig.gd": 1, "res://scripts/visual/vector_stage_environment.gd": 1 }	{ "Node2D": 5, "Camera2D": 1, "CharacterBody2D": 1, "CPUParticles2D": 8, "AudioStreamPlayer2D": 7, "CollisionShape2D": 11, "Area2D": 6, "StaticBody2D": 4, "Node": 1, "CanvasLayer": 1, "AudioStreamPlayer": 2, "Panel": 1, "Label": 3, "RichTextLabel": 1, "PointLight2D": 3 }
station_29	res://scenes/levels/station_29.tscn	29	station	inventory_only	false	[{ "station_number": 29, "stage_seed": 29, "stage_variant": "", "world_size": "(640.0, 360.0)" }]	1	12	8	9	2	21	8	3	0	0	1	0	1	1	1	1	5	{ "res://scripts/levels/station_29.gd": 1, "res://scripts/camera/cinematic_camera.gd": 1, "res://scripts/player/prototype_player.gd": 1, "res://scripts/interactables/memory_resonance_point.gd": 5, "res://scripts/ui/station_dialogue_cue.gd": 1, "res://scripts/ui/crt_dialogue_box.gd": 1, "res://scripts/levels/atmosphere_rig.gd": 1, "res://scripts/visual/vector_stage_environment.gd": 1 }	{ "Node2D": 5, "Camera2D": 1, "CharacterBody2D": 1, "CPUParticles2D": 8, "AudioStreamPlayer2D": 7, "CollisionShape2D": 11, "Area2D": 6, "StaticBody2D": 4, "Node": 1, "CanvasLayer": 1, "AudioStreamPlayer": 2, "Panel": 1, "Label": 3, "RichTextLabel": 1, "PointLight2D": 3 }
station_30	res://scenes/levels/station_30.tscn	30	station	inventory_only	false	[{ "station_number": 30, "stage_seed": 30, "stage_variant": "", "world_size": "(640.0, 360.0)" }]	1	13	9	10	3	24	10	3	0	0	1	0	1	1	1	1	5	{ "res://scripts/levels/station_30.gd": 1, "res://scripts/camera/cinematic_camera.gd": 1, "res://scripts/player/prototype_player.gd": 1, "res://scripts/interactables/memory_resonance_point.gd": 5, "res://scripts/interactables/anchorable_object.gd": 1, "res://scripts/ui/station_dialogue_cue.gd": 1, "res://scripts/ui/crt_dialogue_box.gd": 1, "res://scripts/levels/atmosphere_rig.gd": 1, "res://scripts/visual/vector_stage_environment.gd": 1 }	{ "Node2D": 5, "Camera2D": 1, "CharacterBody2D": 1, "CPUParticles2D": 10, "AudioStreamPlayer2D": 8, "CollisionShape2D": 12, "Area2D": 6, "StaticBody2D": 4, "AnimatableBody2D": 1, "Node": 1, "CanvasLayer": 1, "AudioStreamPlayer": 2, "Panel": 1, "Label": 3, "RichTextLabel": 1, "PointLight2D": 3 }
station_31	res://scenes/levels/station_31.tscn	31	station	inventory_only	false	[{ "station_number": 31, "stage_seed": 31, "stage_variant": "", "world_size": "(640.0, 360.0)" }]	1	12	8	9	2	21	8	3	0	0	1	0	1	1	1	1	5	{ "res://scripts/levels/station_31.gd": 1, "res://scripts/camera/cinematic_camera.gd": 1, "res://scripts/player/prototype_player.gd": 1, "res://scripts/interactables/memory_resonance_point.gd": 5, "res://scripts/ui/station_dialogue_cue.gd": 1, "res://scripts/ui/crt_dialogue_box.gd": 1, "res://scripts/levels/atmosphere_rig.gd": 1, "res://scripts/visual/vector_stage_environment.gd": 1 }	{ "Node2D": 5, "Camera2D": 1, "CharacterBody2D": 1, "CPUParticles2D": 8, "AudioStreamPlayer2D": 7, "CollisionShape2D": 11, "Area2D": 6, "StaticBody2D": 4, "Node": 1, "CanvasLayer": 1, "AudioStreamPlayer": 2, "Panel": 1, "Label": 3, "RichTextLabel": 1, "PointLight2D": 3 }
station_32	res://scenes/levels/station_32.tscn	32	station	inventory_only	false	[{ "station_number": 32, "stage_seed": 32, "stage_variant": "", "world_size": "(640.0, 360.0)" }]	1	13	9	10	3	24	10	3	0	0	1	0	1	1	1	1	5	{ "res://scripts/levels/station_32.gd": 1, "res://scripts/camera/cinematic_camera.gd": 1, "res://scripts/player/prototype_player.gd": 1, "res://scripts/interactables/memory_resonance_point.gd": 5, "res://scripts/interactables/anchorable_object.gd": 1, "res://scripts/ui/station_dialogue_cue.gd": 1, "res://scripts/ui/crt_dialogue_box.gd": 1, "res://scripts/levels/atmosphere_rig.gd": 1, "res://scripts/visual/vector_stage_environment.gd": 1 }	{ "Node2D": 5, "Camera2D": 1, "CharacterBody2D": 1, "CPUParticles2D": 10, "AudioStreamPlayer2D": 8, "CollisionShape2D": 12, "Area2D": 6, "AnimatableBody2D": 1, "StaticBody2D": 4, "Node": 1, "CanvasLayer": 1, "AudioStreamPlayer": 2, "Panel": 1, "Label": 3, "RichTextLabel": 1, "PointLight2D": 3 }
station_33	res://scenes/levels/station_33.tscn	33	station	inventory_only	false	[{ "station_number": 33, "stage_seed": 33, "stage_variant": "", "world_size": "(640.0, 360.0)" }]	1	13	9	10	3	24	10	3	0	0	1	0	1	1	1	1	5	{ "res://scripts/levels/station_33.gd": 1, "res://scripts/camera/cinematic_camera.gd": 1, "res://scripts/player/prototype_player.gd": 1, "res://scripts/interactables/memory_resonance_point.gd": 5, "res://scripts/interactables/anchorable_object.gd": 1, "res://scripts/ui/station_dialogue_cue.gd": 1, "res://scripts/ui/crt_dialogue_box.gd": 1, "res://scripts/levels/atmosphere_rig.gd": 1, "res://scripts/visual/vector_stage_environment.gd": 1 }	{ "Node2D": 5, "Camera2D": 1, "CharacterBody2D": 1, "CPUParticles2D": 10, "AudioStreamPlayer2D": 8, "CollisionShape2D": 12, "Area2D": 6, "AnimatableBody2D": 1, "StaticBody2D": 4, "Node": 1, "CanvasLayer": 1, "AudioStreamPlayer": 2, "Panel": 1, "Label": 3, "RichTextLabel": 1, "PointLight2D": 3 }
station_34	res://scenes/levels/station_34.tscn	34	station	inventory_only	false	[{ "station_number": 34, "stage_seed": 34, "stage_variant": "", "world_size": "(640.0, 360.0)" }]	1	12	8	9	2	21	8	3	0	0	1	0	1	1	1	1	5	{ "res://scripts/levels/station_34.gd": 1, "res://scripts/camera/cinematic_camera.gd": 1, "res://scripts/player/prototype_player.gd": 1, "res://scripts/interactables/memory_resonance_point.gd": 5, "res://scripts/ui/station_dialogue_cue.gd": 1, "res://scripts/ui/crt_dialogue_box.gd": 1, "res://scripts/levels/atmosphere_rig.gd": 1, "res://scripts/visual/vector_stage_environment.gd": 1 }	{ "Node2D": 5, "Camera2D": 1, "CharacterBody2D": 1, "CPUParticles2D": 8, "AudioStreamPlayer2D": 7, "CollisionShape2D": 11, "Area2D": 6, "StaticBody2D": 4, "Node": 1, "CanvasLayer": 1, "AudioStreamPlayer": 2, "Panel": 1, "Label": 3, "RichTextLabel": 1, "PointLight2D": 3 }
station_35	res://scenes/levels/station_35.tscn	35	station	inventory_only	false	[{ "station_number": 35, "stage_seed": 35, "stage_variant": "", "world_size": "(640.0, 360.0)" }]	1	12	8	9	2	21	8	3	0	0	1	0	1	1	1	1	5	{ "res://scripts/levels/station_35.gd": 1, "res://scripts/camera/cinematic_camera.gd": 1, "res://scripts/player/prototype_player.gd": 1, "res://scripts/interactables/memory_resonance_point.gd": 5, "res://scripts/ui/station_dialogue_cue.gd": 1, "res://scripts/ui/crt_dialogue_box.gd": 1, "res://scripts/levels/atmosphere_rig.gd": 1, "res://scripts/visual/vector_stage_environment.gd": 1 }	{ "Node2D": 5, "Area2D": 6, "CollisionShape2D": 11, "Camera2D": 1, "CharacterBody2D": 1, "CPUParticles2D": 8, "AudioStreamPlayer2D": 7, "StaticBody2D": 4, "Node": 1, "CanvasLayer": 1, "AudioStreamPlayer": 2, "Panel": 1, "Label": 3, "RichTextLabel": 1, "PointLight2D": 3 }
station_36	res://scenes/levels/station_36.tscn	36	station	inventory_only	false	[{ "station_number": 36, "stage_seed": 36, "stage_variant": "", "world_size": "(640.0, 360.0)" }]	1	12	8	9	2	21	8	3	0	0	1	0	1	1	1	1	5	{ "res://scripts/levels/station_36.gd": 1, "res://scripts/camera/cinematic_camera.gd": 1, "res://scripts/player/prototype_player.gd": 1, "res://scripts/interactables/memory_resonance_point.gd": 5, "res://scripts/ui/station_dialogue_cue.gd": 1, "res://scripts/ui/crt_dialogue_box.gd": 1, "res://scripts/levels/atmosphere_rig.gd": 1, "res://scripts/visual/vector_stage_environment.gd": 1 }	{ "Node2D": 5, "Area2D": 6, "CollisionShape2D": 11, "Camera2D": 1, "CharacterBody2D": 1, "CPUParticles2D": 8, "AudioStreamPlayer2D": 7, "StaticBody2D": 4, "Node": 1, "CanvasLayer": 1, "AudioStreamPlayer": 2, "Panel": 1, "Label": 3, "RichTextLabel": 1, "PointLight2D": 3 }
station_37	res://scenes/levels/station_37.tscn	37	station	inventory_only	false	[{ "station_number": 37, "stage_seed": 37, "stage_variant": "", "world_size": "(640.0, 360.0)" }]	1	12	8	9	2	21	8	3	0	0	1	0	1	1	1	1	5	{ "res://scripts/levels/station_37.gd": 1, "res://scripts/camera/cinematic_camera.gd": 1, "res://scripts/player/prototype_player.gd": 1, "res://scripts/interactables/memory_resonance_point.gd": 5, "res://scripts/ui/station_dialogue_cue.gd": 1, "res://scripts/ui/crt_dialogue_box.gd": 1, "res://scripts/levels/atmosphere_rig.gd": 1, "res://scripts/visual/vector_stage_environment.gd": 1 }	{ "Node2D": 5, "Area2D": 6, "CollisionShape2D": 11, "Camera2D": 1, "CharacterBody2D": 1, "CPUParticles2D": 8, "AudioStreamPlayer2D": 7, "StaticBody2D": 4, "Node": 1, "CanvasLayer": 1, "AudioStreamPlayer": 2, "Panel": 1, "Label": 3, "RichTextLabel": 1, "PointLight2D": 3 }
station_38	res://scenes/levels/station_38.tscn	38	station	inventory_only	true	[{ "station_number": 38, "stage_seed": 38, "stage_variant": "", "world_size": "(640.0, 360.0)" }]	1	13	9	10	3	24	10	3	0	0	1	0	1	1	1	1	5	{ "res://scripts/levels/station_38.gd": 1, "res://scripts/camera/cinematic_camera.gd": 1, "res://scripts/player/prototype_player.gd": 1, "res://scripts/interactables/memory_resonance_point.gd": 5, "res://scripts/interactables/anchorable_object.gd": 1, "res://scripts/ui/station_dialogue_cue.gd": 1, "res://scripts/ui/crt_dialogue_box.gd": 1, "res://scripts/levels/atmosphere_rig.gd": 1, "res://scripts/visual/vector_stage_environment.gd": 1 }	{ "Node2D": 5, "Area2D": 6, "CollisionShape2D": 12, "Camera2D": 1, "CharacterBody2D": 1, "CPUParticles2D": 10, "AudioStreamPlayer2D": 8, "AnimatableBody2D": 1, "StaticBody2D": 4, "Node": 1, "CanvasLayer": 1, "AudioStreamPlayer": 2, "Panel": 1, "Label": 3, "RichTextLabel": 1, "PointLight2D": 3 }
station_39	res://scenes/levels/station_39.tscn	39	station	inventory_only	false	[{ "station_number": 39, "stage_seed": 39, "stage_variant": "", "world_size": "(640.0, 360.0)" }]	1	12	8	9	2	21	8	3	0	0	1	0	1	1	1	1	5	{ "res://scripts/levels/station_39.gd": 1, "res://scripts/camera/cinematic_camera.gd": 1, "res://scripts/player/prototype_player.gd": 1, "res://scripts/interactables/memory_resonance_point.gd": 5, "res://scripts/ui/station_dialogue_cue.gd": 1, "res://scripts/ui/crt_dialogue_box.gd": 1, "res://scripts/levels/atmosphere_rig.gd": 1, "res://scripts/visual/vector_stage_environment.gd": 1 }	{ "Node2D": 5, "Area2D": 6, "CollisionShape2D": 11, "Camera2D": 1, "CharacterBody2D": 1, "CPUParticles2D": 8, "AudioStreamPlayer2D": 7, "StaticBody2D": 4, "Node": 1, "CanvasLayer": 1, "AudioStreamPlayer": 2, "Panel": 1, "Label": 3, "RichTextLabel": 1, "PointLight2D": 3 }
station_40	res://scenes/levels/station_40.tscn	40	station	inventory_only	false	[{ "station_number": 40, "stage_seed": 40, "stage_variant": "", "world_size": "(640.0, 360.0)" }]	1	12	8	9	2	21	8	3	0	0	1	0	1	1	1	1	5	{ "res://scripts/levels/station_40.gd": 1, "res://scripts/camera/cinematic_camera.gd": 1, "res://scripts/player/prototype_player.gd": 1, "res://scripts/interactables/memory_resonance_point.gd": 5, "res://scripts/ui/station_dialogue_cue.gd": 1, "res://scripts/ui/crt_dialogue_box.gd": 1, "res://scripts/levels/atmosphere_rig.gd": 1, "res://scripts/visual/vector_stage_environment.gd": 1 }	{ "Node2D": 5, "Area2D": 6, "CollisionShape2D": 11, "Camera2D": 1, "CharacterBody2D": 1, "CPUParticles2D": 8, "AudioStreamPlayer2D": 7, "StaticBody2D": 4, "Node": 1, "CanvasLayer": 1, "AudioStreamPlayer": 2, "Panel": 1, "Label": 3, "RichTextLabel": 1, "PointLight2D": 3 }
station_41	res://scenes/levels/station_41.tscn	41	station	inventory_only	true	[{ "station_number": 41, "stage_seed": 41, "stage_variant": "", "world_size": "(640.0, 360.0)" }]	1	12	8	9	2	21	8	3	0	0	1	0	1	1	1	1	5	{ "res://scripts/levels/station_41.gd": 1, "res://scripts/camera/cinematic_camera.gd": 1, "res://scripts/player/prototype_player.gd": 1, "res://scripts/interactables/memory_resonance_point.gd": 5, "res://scripts/ui/station_dialogue_cue.gd": 1, "res://scripts/ui/crt_dialogue_box.gd": 1, "res://scripts/levels/atmosphere_rig.gd": 1, "res://scripts/visual/vector_stage_environment.gd": 1 }	{ "Node2D": 5, "Area2D": 6, "CollisionShape2D": 11, "Camera2D": 1, "CharacterBody2D": 1, "CPUParticles2D": 8, "AudioStreamPlayer2D": 7, "StaticBody2D": 4, "Node": 1, "CanvasLayer": 1, "AudioStreamPlayer": 2, "Panel": 1, "Label": 3, "RichTextLabel": 1, "PointLight2D": 3 }
station_42a	res://scenes/levels/station_42a.tscn	42	finale_variant	inventory_only	true	[{ "station_number": 42, "stage_seed": 42, "stage_variant": "return", "world_size": "(640.0, 360.0)" }]	1	9	5	6	2	15	5	3	0	0	1	0	1	1	1	1	5	{ "res://scripts/levels/station_42a.gd": 1, "res://scripts/camera/cinematic_camera.gd": 1, "res://scripts/player/prototype_player.gd": 1, "res://scripts/interactables/memory_resonance_point.gd": 2, "res://scripts/ui/station_dialogue_cue.gd": 1, "res://scripts/ui/crt_dialogue_box.gd": 1, "res://scripts/levels/atmosphere_rig.gd": 1, "res://scripts/visual/vector_stage_environment.gd": 1 }	{ "Node2D": 5, "Area2D": 3, "CollisionShape2D": 8, "Camera2D": 1, "CharacterBody2D": 1, "CPUParticles2D": 5, "AudioStreamPlayer2D": 4, "StaticBody2D": 4, "Node": 1, "CanvasLayer": 1, "AudioStreamPlayer": 2, "Panel": 1, "Label": 3, "RichTextLabel": 1, "PointLight2D": 3 }
station_42b	res://scenes/levels/station_42b.tscn	42	finale_variant	inventory_only	true	[{ "station_number": 42, "stage_seed": 42, "stage_variant": "reconciliation", "world_size": "(640.0, 360.0)" }]	1	9	5	6	2	15	5	3	0	0	1	0	1	1	1	1	5	{ "res://scripts/levels/station_42b.gd": 1, "res://scripts/camera/cinematic_camera.gd": 1, "res://scripts/player/prototype_player.gd": 1, "res://scripts/interactables/memory_resonance_point.gd": 2, "res://scripts/ui/station_dialogue_cue.gd": 1, "res://scripts/ui/crt_dialogue_box.gd": 1, "res://scripts/levels/atmosphere_rig.gd": 1, "res://scripts/visual/vector_stage_environment.gd": 1 }	{ "Node2D": 5, "Area2D": 3, "CollisionShape2D": 8, "Camera2D": 1, "CharacterBody2D": 1, "CPUParticles2D": 5, "AudioStreamPlayer2D": 4, "StaticBody2D": 4, "Node": 1, "CanvasLayer": 1, "AudioStreamPlayer": 2, "Panel": 1, "Label": 3, "RichTextLabel": 1, "PointLight2D": 3 }
station_42c	res://scenes/levels/station_42c.tscn	42	finale_variant	inventory_only	true	[{ "station_number": 42, "stage_seed": 42, "stage_variant": "testimony", "world_size": "(640.0, 360.0)" }]	1	9	5	6	2	15	5	3	0	0	1	0	1	1	1	1	5	{ "res://scripts/levels/station_42c.gd": 1, "res://scripts/camera/cinematic_camera.gd": 1, "res://scripts/player/prototype_player.gd": 1, "res://scripts/interactables/memory_resonance_point.gd": 2, "res://scripts/ui/station_dialogue_cue.gd": 1, "res://scripts/ui/crt_dialogue_box.gd": 1, "res://scripts/levels/atmosphere_rig.gd": 1, "res://scripts/visual/vector_stage_environment.gd": 1 }	{ "Node2D": 5, "Area2D": 3, "CollisionShape2D": 8, "Camera2D": 1, "CharacterBody2D": 1, "CPUParticles2D": 5, "AudioStreamPlayer2D": 4, "StaticBody2D": 4, "Node": 1, "CanvasLayer": 1, "AudioStreamPlayer": 2, "Panel": 1, "Label": 3, "RichTextLabel": 1, "PointLight2D": 3 }
station_43	res://scenes/levels/station_43.tscn	43	epilogue	inventory_only	true	[{ "station_number": 43, "stage_seed": 43, "stage_variant": "epilogue", "world_size": "(640.0, 360.0)" }]	1	10	6	7	2	17	6	3	0	0	1	0	1	1	1	1	5	{ "res://scripts/levels/station_43.gd": 1, "res://scripts/camera/cinematic_camera.gd": 1, "res://scripts/player/prototype_player.gd": 1, "res://scripts/interactables/memory_resonance_point.gd": 3, "res://scripts/ui/station_dialogue_cue.gd": 1, "res://scripts/ui/crt_dialogue_box.gd": 1, "res://scripts/levels/atmosphere_rig.gd": 1, "res://scripts/visual/vector_stage_environment.gd": 1 }	{ "Node2D": 5, "Area2D": 4, "CollisionShape2D": 9, "Camera2D": 1, "CharacterBody2D": 1, "CPUParticles2D": 6, "AudioStreamPlayer2D": 5, "StaticBody2D": 4, "Node": 1, "CanvasLayer": 1, "AudioStreamPlayer": 2, "Panel": 1, "Label": 3, "RichTextLabel": 1, "PointLight2D": 3 }
