frame_id	case_id	group	frame_kind	element	status	mask_pixels	region_pixels	bbox_x	bbox_y	bbox_width	bbox_height	centroid_x	centroid_y	mean_luma	context_luma	contrast_ratio	target_color	match_mode
station_01_world	station_01	opening	world	route	MEASURED	1147	25600	0	260	640	40	332.928	285.780	0.29003	0.07197	2.78772	82949a	exact
station_01_world	station_01	opening	world	plan_boundary	MEASURED	200	147200	213	45	237	215	301.195	63.550	0.29131	0.05941	3.11948	82949a	exact
station_01_world	station_01	opening	world	lena_silhouette_amber	MEASURED	143	9000	50	258	76	43	98.797	267.238	0.37578	0.08570	3.13772	d29a63	exact
station_01_world	station_01	opening	world	correction_accent	MEASURED	234	12000	565	174	3	78	566.000	212.500	0.27518	0.00559	5.84925	ba625b	oxide_family
station_01_world	station_01	opening	world	state_accent	MEASURED	1188	4000	354	124	18	76	362.487	161.502	0.20551	0.07738	2.00585	6cc4bf	cyan_family
station_01_ui	station_01	opening	ui	route	MEASURED	351	25600	0	260	640	40	189.513	283.866	0.28187	0.02178	4.62310	82949a	exact
station_01_ui	station_01	opening	ui	plan_boundary	MEASURED	923	147200	24	45	592	215	303.251	193.655	0.27998	0.05664	3.09450	82949a	exact
station_01_ui	station_01	opening	ui	lena_silhouette_amber	MEASURED	492	9000	43	252	82	45	58.467	284.687	0.38752	0.06483	3.81017	d29a63	exact
station_01_ui	station_01	opening	ui	correction_accent	MEASURED	192	12000	565	174	3	64	566.000	205.500	0.27875	0.00845	5.62431	ba625b	oxide_family
station_01_ui	station_01	opening	ui	state_accent	MEASURED	1188	4000	354	124	18	76	362.487	161.502	0.20732	0.07807	2.00919	6cc4bf	cyan_family
station_01_ui	station_01	opening	ui	crt_frame	MEASURED	1739	60384	24	238	592	102	262.884	288.213	0.28209	0.02063	4.70154	82949a	exact
station_14_world	station_14	middle_anchor	world	route	MEASURED	1511	25600	0	260	640	30	311.768	278.039	0.29204	0.06844	2.88788	82949a	exact
station_14_world	station_14	middle_anchor	world	plan_boundary	MEASURED	555	147200	124	194	438	66	293.295	234.726	0.25902	0.03927	3.46174	82949a	exact
station_14_world	station_14	middle_anchor	world	lena_silhouette_amber	MEASURED	38	9000	40	264	8	21	43.289	272.263	0.37203	0.04973	4.23178	d29a63	exact
station_14_world	station_14	middle_anchor	world	correction_accent	MEASURED	223	20700	253	96	20	176	268.179	156.892	0.13049	0.04841	1.83408	ba625b	oxide_family
station_14_world	station_14	middle_anchor	world	state_accent	MEASURED	112	5500	459	259	71	7	508.000	262.857	0.45453	0.03587	5.87559	d29a63	amber_family
station_22_world	station_22	middle_yield	world	route	MEASURED	3451	25600	0	260	640	30	362.992	272.099	0.30770	0.06663	3.06694	82949a	exact
station_22_world	station_22	middle_yield	world	plan_boundary	MEASURED	14089	147200	296	42	203	218	335.190	161.809	0.32602	0.08429	2.80006	82949a	exact
station_22_world	station_22	middle_yield	world	lena_silhouette_amber	MEASURED	36	9000	45	264	8	21	48.000	272.833	0.37175	0.04681	4.35639	d29a63	exact
station_22_world	station_22	middle_yield	world	correction_accent	MEASURED	1497	57500	330	46	199	239	439.510	102.554	0.25764	0.20012	1.22994	ba625b	oxide_family
station_22_world	station_22	middle_yield	world	state_accent	MEASURED	440	12150	300	85	220	4	409.500	86.500	0.39555	0.24338	1.51866	d29a63	amber_family
station_22_ui	station_22	middle_yield	ui	route	MEASURED	350	25600	0	260	640	40	189.709	279.500	0.28370	0.02368	4.52902	82949a	exact
station_22_ui	station_22	middle_yield	ui	plan_boundary	MEASURED	13181	147200	24	42	592	218	329.054	151.617	0.32575	0.07894	2.91420	82949a	exact
station_22_ui	station_22	middle_yield	ui	lena_silhouette_amber	MEASURED	492	9000	43	252	82	45	58.467	284.687	0.38748	0.05338	4.23162	d29a63	exact
station_22_ui	station_22	middle_yield	ui	correction_accent	MEASURED	1311	57500	330	46	199	192	427.940	79.809	0.25212	0.17378	1.35011	ba625b	oxide_family
station_22_ui	station_22	middle_yield	ui	state_accent	MEASURED	440	12150	300	85	220	4	409.500	86.500	0.38730	0.23842	1.51617	d29a63	amber_family
station_22_ui	station_22	middle_yield	ui	crt_frame	MEASURED	1738	60384	24	238	592	102	262.965	288.220	0.28213	0.02069	4.69811	82949a	exact
station_38_world	station_38	mechanical_slice	world	route	MEASURED	1280	25600	0	266	640	20	309.618	275.519	0.30075	0.07586	2.78681	82949a	exact
station_38_world	station_38	mechanical_slice	world	plan_boundary	MEASURED	2135	147200	318	44	161	200	339.340	203.807	0.30305	0.04697	3.64095	82949a	exact
station_38_world	station_38	mechanical_slice	world	lena_silhouette_amber	MEASURED	38	9000	60	260	8	21	63.289	268.263	0.37203	0.05273	4.10809	d29a63	exact
station_38_world	station_38	mechanical_slice	world	correction_accent	MEASURED	595	22500	226	221	132	34	283.644	238.763	0.13629	0.07005	1.55181	ba625b	oxide_family
station_38_world	station_38	mechanical_slice	world	state_accent	MEASURED	5712	8225	455	45	35	231	475.498	147.340	0.19610	0.08878	1.77331	6cc4bf	cyan_family
station_41_world	station_41	choice_chamber	world	route	MEASURED	1311	25600	0	266	640	20	313.415	275.507	0.30166	0.06297	3.11287	82949a	exact
station_41_world	station_41	choice_chamber	world	plan_boundary	MEASURED	8398	147200	54	85	120	139	107.599	182.875	0.33487	0.05315	3.73110	82949a	exact
station_41_world	station_41	choice_chamber	world	lena_silhouette_amber	MEASURED	44	9000	60	238	66	43	71.659	264.341	0.37493	0.07724	3.33970	d29a63	exact
station_41_world	station_41	choice_chamber	world	correction_accent	MEASURED	638	6400	422	190	36	78	439.618	242.937	0.04572	0.01864	1.39440	ba625b	oxide_family
station_41_world	station_41	choice_chamber	world	state_accent	MEASURED	147	6400	204	190	32	71	218.796	234.061	0.23880	0.01798	4.24857	6cc4bf	cyan_family
station_42a_world	station_42a	final_return	world	route	MEASURED	1206	25600	0	266	640	20	292.402	275.509	0.29750	0.06322	3.06931	82949a	exact
station_42a_world	station_42a	final_return	world	plan_boundary	MEASURED	262	147200	116	42	91	31	151.672	62.328	0.24149	0.06192	2.60430	82949a	exact
station_42a_world	station_42a	final_return	world	lena_silhouette_amber	MEASURED	38	9000	60	260	8	21	63.289	268.263	0.37203	0.06805	3.57514	d29a63	exact
station_42a_world	station_42a	final_return	world	correction_accent	ABSENT	0	18000	-1	-1	0	0	-1.000	-1.000	-1.00000	0.05621	-1.00000	ba625b	oxide_family
station_42a_world	station_42a	final_return	world	state_accent	MEASURED	594	10000	430	211	174	34	526.719	222.423	0.41208	0.02430	6.21911	6cc4bf	cyan_family
station_42b_world	station_42b	final_reconciliation	world	route	MEASURED	1120	25600	0	266	640	20	293.774	275.519	0.29868	0.06309	3.08315	82949a	exact
station_42b_world	station_42b	final_reconciliation	world	plan_boundary	MEASURED	218	147200	293	78	2	109	293.500	132.000	0.31643	0.06866	3.08804	82949a	exact
station_42b_world	station_42b	final_reconciliation	world	lena_silhouette_amber	MEASURED	38	9000	60	260	8	21	63.289	268.263	0.37203	0.04918	4.25527	d29a63	exact
station_42b_world	station_42b	final_reconciliation	world	correction_accent	MEASURED	25	21000	361	186	34	58	379.400	231.760	0.08288	0.05709	1.24086	ba625b	oxide_family
station_42b_world	station_42b	final_reconciliation	world	state_accent	MEASURED	626	6600	398	211	208	29	520.391	220.939	0.43876	0.11038	3.04762	6cc4bf	cyan_family
station_42c_world	station_42c	final_testimony	world	route	MEASURED	1084	25600	0	266	640	20	294.248	275.525	0.29922	0.06409	3.06101	82949a	exact
station_42c_world	station_42c	final_testimony	world	plan_boundary	MEASURED	1755	147200	48	78	448	180	259.668	227.165	0.30562	0.06240	3.16387	82949a	exact
station_42c_world	station_42c	final_testimony	world	lena_silhouette_amber	MEASURED	162	9000	60	233	66	48	87.179	242.494	0.38583	0.05909	3.99495	d29a63	exact
station_42c_world	station_42c	final_testimony	world	correction_accent	MEASURED	64	6000	520	223	84	6	564.750	225.656	0.27179	0.04872	3.25964	ba625b	oxide_family
station_42c_world	station_42c	final_testimony	world	state_accent	MEASURED	373	13500	163	100	282	29	400.898	108.249	0.26024	0.08688	2.26640	6cc4bf	cyan_family
station_43_world	station_43	epilogue	world	route	MEASURED	1311	25600	0	266	640	20	313.416	275.513	0.30172	0.06155	3.15308	82949a	exact
station_43_world	station_43	epilogue	world	plan_boundary	MEASURED	6715	147200	90	86	133	163	162.350	165.659	0.34951	0.15344	1.96374	82949a	exact
station_43_world	station_43	epilogue	world	lena_silhouette_amber	MEASURED	38	9000	60	260	8	21	63.289	268.263	0.37203	0.04441	4.47028	d29a63	exact
station_43_world	station_43	epilogue	world	correction_accent	MEASURED	62	10000	324	231	32	2	339.484	231.500	0.08554	0.02467	1.81526	ba625b	oxide_family
station_43_world	station_43	epilogue	world	state_accent	MEASURED	11256	17500	462	80	127	125	527.053	139.015	0.72103	0.06302	6.82236	6cc4bf	cyan_family
station_43_ui	station_43	epilogue	ui	route	MEASURED	352	25600	0	260	640	40	189.284	278.389	0.28354	0.02402	4.50608	82949a	exact
station_43_ui	station_43	epilogue	ui	plan_boundary	MEASURED	6150	147200	24	86	592	174	177.377	176.856	0.34511	0.16117	1.87106	82949a	exact
station_43_ui	station_43	epilogue	ui	lena_silhouette_amber	MEASURED	492	9000	43	252	82	45	58.467	284.687	0.38748	0.05093	4.33435	d29a63	exact
station_43_ui	station_43	epilogue	ui	correction_accent	MEASURED	62	10000	324	231	32	2	339.484	231.500	0.08565	0.02483	1.81276	ba625b	oxide_family
station_43_ui	station_43	epilogue	ui	state_accent	MEASURED	11511	17500	462	80	127	125	525.833	138.400	0.71549	0.06188	6.84194	6cc4bf	cyan_family
station_43_ui	station_43	epilogue	ui	crt_frame	MEASURED	1740	60384	24	238	592	102	262.795	288.206	0.28207	0.02056	4.70598	82949a	exact
